,Best,EW,MV,EG,ONS
NYSE,1.2981797944823203e+119,22.218281357155853,11.409195487528322,22.21745402785672,61.26842393723792
