,Best,EW,MV,EG,ONS
NYSE,0.005990000000000011,0.3659587249474562,0.4640709146987059,0.36737343161952585,0.310912006645625
