,Best,EW,MV,EG,ONS
NYSE,1.385984800739712,0.06660878096760413,0.062468790343970515,0.0662823828669979,0.0660989731282958
