,Best,EW,MV,EG,ONS
NYSE,0.036809346625593424,0.008448340235952544,0.007071622165761655,0.008489840897829044,0.011299415418931515
